{
   "desc" : {
      "aloha" : "ALOHA", 
      "edge" : "EDGE", 
      "safari" : "SAFAFI", 
      "chrome" : "CHROME", 
      "firefox" : "FIREFOX", 
      "ie" : "IE",
      "opera" : "OPERA", 
      "desktop" : "DESKTOP", 
      "androidxtablet" : "ANDROID_TABLET", 
      "ohana" : "OHANA", 
      "ipad" : "IPAD", 
      "catalina" : "CATALINA", 
      "unknown" : "UNKNOWN"
      },
   "tell" : {
      "xx":"0",
      "xxi":"1",
      "xxii":"2",
      "xxiii":"3",
      "xxv":"4",
      "xxvv":"5",
      "xxvvv":"6",
      "xxx":"7",
      "xxxi":"8",
      "xxxii":"9",
      "xxxiii": "10"
   },    
      "api" : {
      "zeksapi" : "TsukasaChan",
      "lolhuman" : "SiestaChan",
      "dappakey" : "Itsrojako",
      "dhkey" : "NekoChan",
      "tobzkey": "Tobzzz17",
      "aqulzkey": "APIKEY"
   },
   "type" : {
      "ODxv" : "1.0", 
      "ODxvv" : "1.1", 
      "ODxtw" : "1.2", 
      "ODxwt" : "1.3", 
      "ODxxo" : "1.4", 
      "ODxqp" : "1.5", 
      "ODxqq" : "1.6", 
      "ODxqz" : "1.7", 
      "ODxza" : "1.8", 
      "ODxpi" : "1.9", 
      "WSxhu" : "2.0", 
      "WSxan" : "2.1", 
      "WSxxc" : "2.2", 
      "WSxnx" : "2.3", 
      "WSxxx" : "2.4", 
      "WSxpw" : "2.5", 
      "WSxqp" : "2.6", 
      "WSxbx" : "2.7", 
      "WSxig" : "2.8", 
      "WSxii" : "2.9", 
      "GHxil" : "3.0", 
      "GHxll" : "3.1",
      "GHxna" : "3.2",
      "GHxzq" : "3.3",
      "GHxza" : "3.4",
      "GHxha" : "3.5",
      "GHxgo" : "3.6",
      "GGxhn" : "3.7",
      "GAxvc" : "3.8",
      "NWxpa" : "3.9",
      "NWxta" : "4.1",
      "TAxpp" : "4.2",
      "TAxgf" : "4.3",
      "TSxyt" : "4.4",
      "TSxtw" : "4.5",
      "TSxjg" : "4.6",
      "TSxcv" : "4.7",
      "BVxxx" : "4.8",
      "BVxca" : "4.9",
      "KOxma" : "5.0",
      "KOxql" : "5.1",
      "KOxud" : "5.2",
      "KOxok" : "5.3",
      "OKxky" : "5.4",
      "OKxyt" : "5.5",
      "DSxmu" : "5.6",
      "DSxme" : "5.7",
      "DSxem" : "5.8",
      "DSxhs" : "5.9",
      "ZZxVW" : "6.0",
      "CSxxx" : "6.1",
      "qixmmm" : "6.2",
      "qixmmmn" : "6.3",
      "qixmmmf" : "6.4",
      "qixmmy" : "6.5",
      "qixmmu" : "6.6",
      "qixmml" : "6.7",
      "qixmmmp" : "6.8",
      "qixmmmi" : "6.9",
      "qixmmmq" : "7.0",
      "qixmmmw" : "7.1",
      "qixmmms" : "7.2",
      "qixmmmt" : "7.3",
      "qixmmmc" : "7.4",
      "qixmmmk" : "7.5",
      "qixmmmyy" : "7.6",
      "qixmmmyyu" : "7.7",
      "qixmmmyyi" : "7.8",
      "qixmmmyyo" : "7.9",
      "qixmmmyyp" : "8.0",
      "qixmmmyypp" : "15.0"
   },        
   "style" : {
      "satu" : "•",
      "dua" : "⎙", 
      "tige" : "→",
      "Empat" : "⍣",
      "lima" : "⎆",
      "enam" : "⎉",
      "tujuh" : "⎋",
      "delapan" : "⎏",
      "sembilan" : "⎒",
      "sepuluh" : "⎗",
      "sebelas" : "⍾",
      "duaxbelas" : "⎌",
      "tigaxbelas" : "⏍",
      "empatxbelas" : "⸙",
      "limaxbelas" : "⍫",
      "enamxbelas" : "⍟",
      "tujuhxbelas" : "⍚",
      "delapanxbelas" : "⍬",
      "sembilanxbelas" : "ॐ",
      "duaxpuluh" : "۞",
      "duaxpuluhxsatu" : "⸎",
      "duaxpuluhxdua" : "፠",
      "duaxpuluhxtiga" : "۩"
   },
   "string": {
      "compossing" : "```",
      "shp" : "⬡",
      "bulat" : "⭕", 
      "silang" : "❌", 
      "panah" : "👈",
      "ketawa" : "😂",
      "lovexputih" : "🤍",
      "burung" : "🐤",
      "nangis" : "😭",
      "batu" : "🗿",
      "pinguin" : "🐧",
      "pisang" : "🍌",
      "semongko" : "🍉",
      "bola" : "⚽",
      "piala" : "🏆",
      "mobil" : "🚗",
      "payung" : "⛱️",
      "pesawat" : "✈️",
      "lampu" : "💡",
      "musik" : "🎵",
      "tandaxseru" : "‼️",
      "benderaxindonesia" : "🇮🇩",
      "cheers" : "🍻",
      "icexcream" : "🍦",
      "matahari" : "☀️",
      "air" : "💧",
      "tytyt" : "(_)(_)===D",
      "ok" : "🆗",
      "babi" : "🐷",
      "pingxpong" : "🏓",
      "biliard" : "🎱",
      "bowling" : "🎳",
      "monyet" : "🐒", 
      "gorila" : "🦍", 
      "undefined" : "x"
   },
   "version": {
      "bot" : "1.8.1",
      "baileys" : "3.5.2",
      "browserDescription" : "RIXLE TYPE 3"
   },
    "qrcode": "./src/session/qrcode-terminal.json"
}
